Location,Hotel Name,Stars,Rating,Review Keyword,Services,Property Offers
"Sao Paulo, Brazil",Hampton by Hilton Guarulhos Airport,3,8.8,Excellent,"['Breakfast included', 'Free airport shuttle', 'Restaurant', 'Bar', 'Parking available', 'Room service']","{'Room Name': 'Twin Room, 2 Twin Beds, Refrigerator', 'Room Charges': '$109'}, {'Room Name': 'Room, 1 Queen Bed, Refrigerator', 'Room Charges': '$116'}, {'Room Name': 'Room, 1 Queen Bed, Accessible', 'Room Charges': None}, {'Room Name': 'Room, 2 Twin Beds, Accessible, Non Smoking (Roll In Shower)', 'Room Charges': None}"
"Sao Paulo, Brazil",Melia Paulista,5,8.2,Very good,"['Pool', 'Breakfast available', 'Restaurant', 'Hot Tub', 'Bar', 'Spa']","{'Room Name': 'Premium Twin Room', 'Room Charges': '$157'}, {'Room Name': 'Premium Room (Queen)', 'Room Charges': '$161'}, {'Room Name': 'Supreme Queen', 'Room Charges': '$185'}, {'Room Name': 'Junior Suite', 'Room Charges': '$233'}, {'Room Name': 'Junior Suite (3 AD)', 'Room Charges': '$272'}, {'Room Name': 'Deluxe Room, Connecting Rooms', 'Room Charges': '$317'}, {'Room Name': 'Suite, 2 Bedrooms', 'Room Charges': '$356'}, {'Room Name': 'Deluxe Room, Connecting Rooms (2+2)', 'Room Charges': '$396'}, {'Room Name': 'Suite, 2 Bedrooms (2+4)', 'Room Charges': '$515'}"
"Sao Paulo, Brazil",Wyndham Ibirapuera Convention Plaza Hotel,4,8.8,Excellent,"['Breakfast available', 'Bar', 'Pool', 'Parking available', 'Room service', 'Gym']","{'Room Name': 'Twin Room Superior', 'Room Charges': '$92'}, {'Room Name': 'Superior Casal', 'Room Charges': '$105'}, {'Room Name': 'Double Room Superior', 'Room Charges': '$97'}, {'Room Name': 'Prime Superior Twin', 'Room Charges': '$99'}, {'Room Name': 'Suite Executive', 'Room Charges': '$108'}, {'Room Name': 'Executive Room', 'Room Charges': '$117'}, {'Room Name': 'Suite Deluxe', 'Room Charges': '$130'}, {'Room Name': 'Suite Executive Premium', 'Room Charges': '$151'}, {'Room Name': 'Traditional Studio Suite', 'Room Charges': None}"
"Sao Paulo, Brazil",Hotel Cadoro Sao Paulo,5,9.4,Exceptional,"['Restaurant', 'Pool', 'Bar', 'Parking available', 'Breakfast available', 'Housekeeping']","{'Room Name': 'Superior Room', 'Room Charges': '$139'}, {'Room Name': 'Superior Vêneto', 'Room Charges': '$162'}, {'Room Name': 'Suite Junior', 'Room Charges': '$247'}, {'Room Name': 'Standard Room', 'Room Charges': None}"
"Sao Paulo, Brazil",Gran Estanplaza Berrini,5,9.2,Wonderful,"['Breakfast included', 'Bar', 'Pool', 'Pet friendly', 'Housekeeping', 'Spa']","{'Room Name': 'Standard Twin Room', 'Room Charges': '$147'}, {'Room Name': 'Premium Suite', 'Room Charges': '$177'}, {'Room Name': 'Twin Room Standard', 'Room Charges': '$158'}, {'Room Name': 'Superior Room, 1 Double Bed', 'Room Charges': '$162'}, {'Room Name': 'Room Superior', 'Room Charges': '$174'}, {'Room Name': 'Suite Premium', 'Room Charges': '$190'}, {'Room Name': 'Suite (Master)', 'Room Charges': '$245'}, {'Room Name': 'Executive Suite (Corporate)', 'Room Charges': '$245'}"
"Sao Paulo, Brazil",Radisson Hotel Paulista Sao Paulo,4,8.4,Very good,"['Pool', 'Bar', 'Pet friendly', 'Parking available', 'Room service', 'Housekeeping']","{'Room Name': 'Twin Room Deluxe', 'Room Charges': '$147'}, {'Room Name': 'Luxury Room, 1 King Bed', 'Room Charges': '$161'}, {'Room Name': 'Quarto Superluxo, 2 camas de solteiro - NEW', 'Room Charges': '$152'}, {'Room Name': 'Double Room Deluxe', 'Room Charges': '$156'}, {'Room Name': 'Suite Premium', 'Room Charges': '$221'}, {'Room Name': 'Suite Premium King', 'Room Charges': '$287'}, {'Room Name': 'Quarto Superluxo, Handicapped - NEW', 'Room Charges': None}, {'Room Name': 'Suite Business Class Family', 'Room Charges': None}"
"Sao Paulo, Brazil",Melia Jardim Europa,4,8.4,Very good,"['Hot Tub', 'Pool', 'Breakfast available', 'Bar', 'Room service', 'Laundry']","{'Room Name': 'Premium Room, 1 King Bed, Balcony', 'Room Charges': '$219'}, {'Room Name': 'Grand Premium King Bed', 'Room Charges': '$264'}, {'Room Name': 'Grand Premium King Bed with Balcony', 'Room Charges': '$291'}, {'Room Name': 'The Level Grand Premium', 'Room Charges': '$417'}, {'Room Name': 'The Level Grand Premium Balcony', 'Room Charges': '$449'}, {'Room Name': 'Junior Suite (EXECUTIVE THE LEVEL)', 'Room Charges': '$481'}"
"Sao Paulo, Brazil",NYC Residence Flat condominio,3,8.8,,"['Pool', 'Pet friendly', 'Laundry', '24/7 front desk', 'Air conditioning', 'Kitchen']","{'Room Name': 'Comfort Apartment, Balcony', 'Room Charges': '$143'}, {'Room Name': 'Comfort Apartment', 'Room Charges': '$318'}"
"Sao Paulo, Brazil",Hotel Nacional Inn Jaragua São Paulo,4,8.6,Excellent,"['Breakfast available', 'Bar', 'Parking available', 'Gym', 'Room service', 'Pet friendly']","{'Room Name': 'Superior Double Room', 'Room Charges': '$70'}, {'Room Name': 'Family Room', 'Room Charges': '$101'}, {'Room Name': 'Superior Triple Room', 'Room Charges': None}, {'Room Name': 'Suite Junior', 'Room Charges': None}"
"Sao Paulo, Brazil",São Paulo Higienópolis Affiliated by Meliá,4,8.6,Excellent,"['Pool', 'Bar', 'Breakfast available', 'Pet friendly', 'Parking available', 'Room service']","{'Room Name': 'Premium Twin Room, Balcony', 'Room Charges': '$135'}"
"Sao Paulo, Brazil",Wyndham São Paulo Paulista,4,8.0,Very good,"['Breakfast included', 'Pool', 'Bar', 'Pet friendly', 'Gym', 'Room service']","{'Room Name': 'Premium Twin Room, 2 Twin Beds', 'Room Charges': '$108'}, {'Room Name': 'Twin Room Premium', 'Room Charges': '$116'}, {'Room Name': 'Deluxe Room, 1 Queen Bed', 'Room Charges': None}, {'Room Name': 'Business Room, 1 Queen Bed', 'Room Charges': None}, {'Room Name': 'Premium Room, 1 Queen Bed', 'Room Charges': None}, {'Room Name': 'Deluxe Twin Room, 2 Twin Beds', 'Room Charges': None}"
"Sao Paulo, Brazil",Apartamentos Studio Allure Moema,3,9.4,Exceptional,"['Breakfast available', 'Pool', 'Barbecue grill', 'Gym', 'Outdoor Space', '24/7 front desk']","{'Room Name': 'Deluxe Apartment', 'Room Charges': '$66'}, {'Room Name': 'Premium Double Room, 1 Queen Bed', 'Room Charges': None}, {'Room Name': 'Standard Apartment', 'Room Charges': None}, {'Room Name': 'Superior Apartment', 'Room Charges': None}"
"Sao Paulo, Brazil",Grand Mercure SP Itaim Bibi,5,9.0,Wonderful,"['Breakfast available', 'Pool', 'Pet friendly', 'Bar', 'Housekeeping', 'Laundry']","{'Room Name': 'Deluxe Room, 1 King Bed, Accessible, Balcony', 'Room Charges': '$193'}, {'Room Name': 'Deluxe Room, 2 Double Beds, Accessible', 'Room Charges': '$193'}, {'Room Name': 'Deluxe Twin Room, Balcony', 'Room Charges': '$193'}, {'Room Name': 'Deluxe Room, 1 King Bed, Balcony', 'Room Charges': '$200'}, {'Room Name': 'Executive Room, 1 King Bed, Balcony, City View', 'Room Charges': '$214'}, {'Room Name': 'Executive Room, 1 King Bed, Balcony, Park View', 'Room Charges': '$228'}, {'Room Name': 'Executive Room (City Lights)', 'Room Charges': '$240'}"
"Sao Paulo, Brazil",Blue Tree Premium Paulista,4,9.0,Wonderful,"['Breakfast available', 'Spa', 'Pool', 'Bar', 'Parking available', 'Room service']","{'Room Name': 'Superior Twin Room', 'Room Charges': '$141'}, {'Room Name': 'Superior Double Room', 'Room Charges': '$152'}, {'Room Name': 'Deluxe Double Room', 'Room Charges': '$162'}, {'Room Name': 'Premier Double Room, 1 Double Bed (Premier)', 'Room Charges': '$177'}"
"Sao Paulo, Brazil",Transamerica Prime International Plaza,4,8.6,Excellent,"['Breakfast included', 'Pool', 'Bar', 'Parking available', 'Gym', 'Room service']","{'Room Name': 'Executive King', 'Room Charges': '$129'}, {'Room Name': 'Double Room Executive', 'Room Charges': '$137'}, {'Room Name': 'Executive Double Room, 1 King Bed', 'Room Charges': '$137'}, {'Room Name': 'Standard Double Room', 'Room Charges': None}, {'Room Name': 'Standard Twin Room', 'Room Charges': None}, {'Room Name': 'Executive Twin Room, 2 Twin Beds', 'Room Charges': None}"
"Sao Paulo, Brazil",Estanplaza Paulista,4,8.6,Excellent,"['Spa', 'Pool', 'Breakfast included', 'Bar', 'Parking available', 'Room service']","{'Room Name': 'Standard Room, 1 Double Bed', 'Room Charges': '$110'}, {'Room Name': 'Standard Room, 2 Twin Beds', 'Room Charges': '$110'}, {'Room Name': 'Twin Suite Junior', 'Room Charges': '$117'}, {'Room Name': 'Double Suite Junior', 'Room Charges': '$117'}, {'Room Name': 'Business Room, 1 Double Bed', 'Room Charges': '$120'}, {'Room Name': 'Suite Master', 'Room Charges': '$129'}"
"Sao Paulo, Brazil",Hotel Dan Inn Planalto São Paulo,3,8.6,Excellent,"['Breakfast included', 'Bar', 'Housekeeping', 'Air conditioning', 'Laundry', '24/7 front desk']","{'Room Name': 'Twin Standard', 'Room Charges': '$49'}, {'Room Name': 'Standard Twin', 'Room Charges': '$52'}, {'Room Name': 'Couple Standard', 'Room Charges': '$53'}, {'Room Name': 'Standard Casal', 'Room Charges': '$54'}, {'Room Name': 'Room', 'Room Charges': '$56'}, {'Room Name': 'Standard Room', 'Room Charges': '$64'}, {'Room Name': 'Standard Room', 'Room Charges': '$64'}, {'Room Name': 'Standard Room', 'Room Charges': '$74'}, {'Room Name': 'Deluxe Double Room', 'Room Charges': '$85'}, {'Room Name': 'Premium Double or Twin Room', 'Room Charges': '$89'}"
"Sao Paulo, Brazil",Renaissance São Paulo Hotel,5,9.2,Wonderful,"['Breakfast available', 'Hot Tub', 'Pool', 'Bar', 'Pet friendly', 'Spa']","{'Room Name': 'Room, 2 Double Beds, Non Smoking', 'Room Charges': '$216'}, {'Room Name': 'Room, 1 King Bed, Non Smoking', 'Room Charges': '$227'}, {'Room Name': 'Club Room, 2 Double Beds, Non Smoking', 'Room Charges': '$302'}, {'Room Name': 'Club Room, 1 King Bed, Non Smoking', 'Room Charges': '$314'}, {'Room Name': 'Madison Suite, Club Suite, 1 King Bed, Non Smoking', 'Room Charges': '$325'}, {'Room Name': 'Club Suite, 1 King Bed, Non Smoking', 'Room Charges': '$428'}"
"Sao Paulo, Brazil","Qoya São Paulo Paulista, Curio Collection by Hilton",5,9.6,Exceptional,"['Pool', 'Bar', 'Spa', 'Pet friendly', 'Parking available', 'Breakfast available']","{'Room Name': 'Superior Double Room, Accessible', 'Room Charges': '$205'}, {'Room Name': 'Superior Twin Room', 'Room Charges': '$205'}, {'Room Name': 'Deluxe Double Room', 'Room Charges': '$212'}, {'Room Name': 'Twin Room Superior', 'Room Charges': '$220'}, {'Room Name': 'Room Superior', 'Room Charges': '$220'}, {'Room Name': 'Double Room Deluxe', 'Room Charges': '$228'}, {'Room Name': 'Premium Room, City View', 'Room Charges': '$242'}, {'Room Name': 'Junior Suite', 'Room Charges': '$355'}"
"Sao Paulo, Brazil","Staybridges Suítes São Paulo, an IHG Hotel",4,8.8,Excellent,"['Breakfast included', 'Pool', 'Pet friendly', 'Parking included', 'Room service', 'Laundry']","{'Room Name': 'Studio Suite, 1 Queen Bed (Mid Floor)', 'Room Charges': '$155'}, {'Room Name': 'Studio Suite, 2 Twin Beds (Mid Floor)', 'Room Charges': '$155'}, {'Room Name': 'Studio Suite, 1 Queen Bed, City View', 'Room Charges': '$163'}, {'Room Name': 'Studio Suite, 1 Queen Bed (Panoramic)', 'Room Charges': '$170'}, {'Room Name': 'Studio Suite, 1 Queen Bed (Mid Floor)', 'Room Charges': '$215'}, {'Room Name': 'Suite, 1 Bedroom (One Bed)', 'Room Charges': '$215'}, {'Room Name': 'Suite, Multiple Beds', 'Room Charges': '$272'}, {'Room Name': 'Suite, 1 Queen Bed (Mid Floor)', 'Room Charges': None}, {'Room Name': 'Studio Suite, 1 Queen Bed (Pet Friendly)', 'Room Charges': None}, {'Room Name': 'Studio Suite, 1 Queen Bed, Accessible', 'Room Charges': None}, {'Room Name': 'Suite, 1 Queen Bed', 'Room Charges': None}, {'Room Name': 'Suite, Multiple Beds (High Floor)', 'Room Charges': None}, {'Room Name': 'Studio Suite, 2 Twin Beds', 'Room Charges': None}, {'Room Name': 'Studio Suite', 'Room Charges': None}, {'Room Name': 'Studio Suite, 1 Queen Bed', 'Room Charges': None}"
"Sao Paulo, Brazil",Grand Mercure SP Itaim Bibi,5,9.0,Wonderful,"['Pool', 'Pet friendly', 'Breakfast available', 'Bar', 'Housekeeping', 'Laundry']","{'Room Name': 'Deluxe Room, 1 King Bed, Accessible, Balcony', 'Room Charges': '$193'}, {'Room Name': 'Deluxe Room, 2 Double Beds, Accessible', 'Room Charges': '$193'}, {'Room Name': 'Deluxe Twin Room, Balcony', 'Room Charges': '$193'}, {'Room Name': 'Deluxe Room, 1 King Bed, Balcony', 'Room Charges': '$200'}, {'Room Name': 'Executive Room, 1 King Bed, Balcony, City View', 'Room Charges': '$214'}, {'Room Name': 'Executive Room, 1 King Bed, Balcony, Park View', 'Room Charges': '$228'}, {'Room Name': 'Executive Room (City Lights)', 'Room Charges': '$240'}"
"Sao Paulo, Brazil",Blue Tree Premium Morumbi,4,8.6,Excellent,"['Breakfast included', 'Bar', 'Room service', 'Pool', 'Laundry', 'Housekeeping']","{'Room Name': 'Superior Room (2 camas de solteiro)', 'Room Charges': '$129'}, {'Room Name': 'Twin Room Superior', 'Room Charges': '$135'}, {'Room Name': 'Premier Single Room', 'Room Charges': '$147'}, {'Room Name': 'Twin Room Deluxe', 'Room Charges': '$154'}, {'Room Name': 'Junior Suite', 'Room Charges': '$158'}, {'Room Name': 'Double Suite Junior', 'Room Charges': '$166'}, {'Room Name': 'Executive Suite', 'Room Charges': '$207'}, {'Room Name': 'Premier Double Room', 'Room Charges': None}, {'Room Name': 'Deluxe Double Room', 'Room Charges': None}, {'Room Name': 'Superior Double Room', 'Room Charges': None}, {'Room Name': 'Premium Suite', 'Room Charges': None}"
"Sao Paulo, Brazil",Radisson Pinheiros,3,9.4,Exceptional,"['Breakfast included', 'Parking available', 'Housekeeping', 'Pet friendly', '24/7 front desk', 'Air conditioning']","{'Room Name': 'Deluxe Room, 1 King Bed', 'Room Charges': '$139'}, {'Room Name': 'Executive Room, 1 King Bed', 'Room Charges': '$154'}, {'Room Name': 'Superior Room, 1 King Bed', 'Room Charges': None}"
"Sao Paulo, Brazil",Blue Tree Premium Faria Lima,4,8.8,Excellent,"['Breakfast included', 'Spa', 'Pool', 'Room service', 'Bar', 'Parking available']","{'Room Name': 'Superior Twin Room, 2 Twin Beds', 'Room Charges': '$140'}, {'Room Name': 'Luxury Twin Room, 2 Twin Beds', 'Room Charges': '$152'}, {'Room Name': 'Executive Room', 'Room Charges': '$208'}, {'Room Name': 'Executive Suite, 1 King Bed', 'Room Charges': '$213'}, {'Room Name': 'Premier Double Room, 1 Queen Bed', 'Room Charges': None}, {'Room Name': 'Luxury Double Room, 1 Queen Bed', 'Room Charges': None}, {'Room Name': 'Superior Double Room, 1 Queen Bed', 'Room Charges': None}, {'Room Name': 'Premier Twin Room, 2 Twin Beds', 'Room Charges': None}"
"Sao Paulo, Brazil",Luz Plaza São Paulo,4,9.0,Wonderful,"['Breakfast included', 'Parking available', 'Gym', 'Room service', 'Air conditioning', '24/7 front desk']","{'Room Name': 'Standard Twin Room, 2 Twin Beds', 'Room Charges': '$66'}, {'Room Name': 'Standard Triple Room', 'Room Charges': '$66'}, {'Room Name': 'Twin Room Standard', 'Room Charges': '$71'}"
"Sao Paulo, Brazil",NOON VILA MADALENA,3,9.8,Exceptional,"['Pool', 'Parking available', 'Pet friendly', 'Barbecue grill', 'Laundry', 'Air conditioning']","{'Room Name': 'Deluxe Apartment', 'Room Charges': '$73'}, {'Room Name': 'Premium Apartment', 'Room Charges': '$79'}"
"Sao Paulo, Brazil",Marriott Executive Apartments Sao Paulo,4,8.8,Excellent,"['Pool', 'Breakfast included', 'Pet friendly', 'Laundry', 'Housekeeping', 'Parking available']","{'Room Name': 'Apartment, 1 Queen Bed, Balcony', 'Room Charges': '$155'}"
"Sao Paulo, Brazil",Hotel Fasano São Paulo,5,9.6,Exceptional,"['Hot Tub', 'Pool', 'Bar', 'Pet friendly', 'Breakfast available', 'Spa']","{'Room Name': 'Superior Room, 1 King Bed', 'Room Charges': '$600'}, {'Room Name': 'Deluxe Room', 'Room Charges': '$687'}"
"Sao Paulo, Brazil","InterContinental São Paulo, an IHG Hotel",5,9.0,Wonderful,"['Pool', 'Bar', 'Pet friendly', 'Spa', 'Parking available', 'Breakfast available']","{'Room Name': 'Classic Room', 'Room Charges': '$313'}, {'Room Name': 'Classic Room, 1 King Bed', 'Room Charges': '$330'}, {'Room Name': 'Classic Room, 2 Twin Beds (Walk-In Shower)', 'Room Charges': '$330'}, {'Room Name': 'Classic Room, 1 King Bed, Balcony', 'Room Charges': '$350'}, {'Room Name': 'Classic Room, 1 King Bed, Smoking, Club Lounge Access (Walk-In Shower)', 'Room Charges': '$380'}, {'Room Name': 'Classic Room, 1 King Bed, Smoking, Club Lounge Access', 'Room Charges': '$388'}, {'Room Name': 'Classic Room, 1 King Bed, Club Lounge Access', 'Room Charges': '$388'}, {'Room Name': 'Classic Room, 1 King Bed, Accessible, Smoking (Balcony, Club Lounge Access)', 'Room Charges': '$396'}, {'Room Name': 'Classic Room, 2 Twin Beds, Accessible, Smoking (Balcony, Club Lounge Access)', 'Room Charges': '$396'}, {'Room Name': 'Suite', 'Room Charges': '$446'}, {'Room Name': 'Classic Room, 2 Twin Beds, Accessible, Balcony (Club Lounge Access)', 'Room Charges': None}, {'Room Name': 'Classic Room, 1 King Bed, Accessible Bathtub', 'Room Charges': None}, {'Room Name': 'Classic Room, 1 King Bed (Walk-In Shower)', 'Room Charges': None}, {'Room Name': 'Suite, 1 Bedroom, Club Lounge Access (Paulista)', 'Room Charges': None}, {'Room Name': 'Classic Room, 2 Twin Beds, Balcony', 'Room Charges': None}, {'Room Name': 'Classic Room, 1 King Bed, Club Lounge Access (Walk-In Shower)', 'Room Charges': None}, {'Room Name': 'Suite, 1 Bedroom', 'Room Charges': None}, {'Room Name': 'Suite, 1 Bedroom, Club Lounge Access, City View', 'Room Charges': None}, {'Room Name': 'Suite, 1 Bedroom, Smoking (Paulista, High Floor)', 'Room Charges': None}, {'Room Name': 'Classic Room, 1 King Bed, Accessible, Balcony (Club Lounge Access)', 'Room Charges': None}, {'Room Name': 'Suite, 1 Bedroom, Club Lounge Access, City View', 'Room Charges': None}, {'Room Name': 'Suite, 1 Bedroom (Paulista)', 'Room Charges': None}"
"Sao Paulo, Brazil",Housi Faria Lima,3,8.8,Excellent,"['Parking available', 'Pet friendly', '24/7 front desk', 'Laundry', 'Air conditioning', 'Kitchen']","{'Room Name': 'Basic Apartment', 'Room Charges': '$45'}, {'Room Name': 'Basic Apartment', 'Room Charges': '$46'}, {'Room Name': 'Basic Apartment', 'Room Charges': '$46'}, {'Room Name': 'Basic Apartment', 'Room Charges': '$46'}, {'Room Name': 'Basic Apartment', 'Room Charges': '$48'}, {'Room Name': 'Basic Apartment', 'Room Charges': '$48'}, {'Room Name': 'Basic Apartment', 'Room Charges': '$48'}, {'Room Name': 'Basic Apartment', 'Room Charges': '$59'}, {'Room Name': 'Basic Apartment', 'Room Charges': '$95'}"
"Sao Paulo, Brazil",Hotel Laghetto Stilo São Paulo,4,9.4,Exceptional,"['Breakfast available', 'Bar', 'Pet friendly', 'Parking available', 'Room service', 'Housekeeping']","{'Room Name': 'Twin Room Standard', 'Room Charges': '$116'}, {'Room Name': 'Standard Twin', 'Room Charges': '$126'}, {'Room Name': 'Double Room Superior', 'Room Charges': '$176'}, {'Room Name': 'Stilo Superior', 'Room Charges': '$191'}, {'Room Name': 'Stilo Double with Bath', 'Room Charges': None}, {'Room Name': 'Standard Room', 'Room Charges': None}, {'Room Name': 'Stilo', 'Room Charges': None}, {'Room Name': 'Stilo Twin', 'Room Charges': None}, {'Room Name': 'Stilo Triplo', 'Room Charges': None}"
"Sao Paulo, Brazil",Quality Hotel Sao Caetano,3,9.0,Wonderful,"['Bar', 'Pet friendly', 'Room service', 'Breakfast included', 'Parking available', 'Gym']","{'Room Name': 'Twin Room Standard', 'Room Charges': '$66'}, {'Room Name': 'Superior Twin Room', 'Room Charges': '$69'}"
"Sao Paulo, Brazil",Grand Hyatt Sao Paulo,5,9.4,Exceptional,"['Pool', 'Breakfast available', 'Bar', 'Hot Tub', 'Pet friendly', 'Housekeeping']","{'Room Name': 'Room, 1 King Bed', 'Room Charges': '$257'}, {'Room Name': 'Room, 2 Twin Beds', 'Room Charges': '$279'}, {'Room Name': 'Room, 2 Twin Beds, View (Bridge view)', 'Room Charges': '$299'}, {'Room Name': 'Room, 1 Queen Bed (Bridge view)', 'Room Charges': '$326'}, {'Room Name': 'Room, 1 King Bed (Bridge View)', 'Room Charges': '$334'}, {'Room Name': 'Club Room, 1 Queen Bed', 'Room Charges': '$444'}, {'Room Name': 'Club Room, 2 Twin Beds', 'Room Charges': '$444'}, {'Room Name': 'Club Room, 1 King Bed', 'Room Charges': '$457'}, {'Room Name': 'Grand Suite, 1 King Bed', 'Room Charges': '$520'}"
"Sao Paulo, Brazil",Travel Inn Flats Jardins,3,8.8,Good,"['Breakfast included', 'Pool', 'Bar', 'Gym', 'Housekeeping', 'Parking available']","{'Room Name': 'Standard Double Room Single Use, 1 Double Bed', 'Room Charges': '$90'}, {'Room Name': 'Standard Twin Room, 2 Twin Beds', 'Room Charges': '$90'}, {'Room Name': 'Premium Double Room Single Use, 1 Double Bed', 'Room Charges': '$104'}, {'Room Name': 'Premium Apartment, 2 Bedrooms', 'Room Charges': None}, {'Room Name': 'Premium Apartment, 3 Bedrooms', 'Room Charges': None}"
"Sao Paulo, Brazil",Estanplaza International,4,8.6,Excellent,"['Pool', 'Bar', 'Pet friendly', 'Breakfast included', 'Room service', 'Parking available']","{'Room Name': 'Standard Suite, 2 Twin Beds', 'Room Charges': '$78'}, {'Room Name': 'Superior Suite, 1 Queen Bed', 'Room Charges': '$87'}, {'Room Name': 'Twin Suite Standard', 'Room Charges': '$105'}, {'Room Name': 'Suite Executive', 'Room Charges': '$116'}, {'Room Name': 'Suite deluxe, 1 cama queen size', 'Room Charges': '$122'}"
"Sao Paulo, Brazil",ibis Sao Paulo Paulista,3,8.8,Excellent,"['Breakfast available', 'Bar', 'Parking available', '24/7 front desk', 'Housekeeping', 'Pet friendly']","{'Room Name': 'Room, 1 Double Bed', 'Room Charges': '$88'}"
"Sao Paulo, Brazil",DoubleTree by Hilton Sao Paulo Itaim,4,8.2,Very good,"['Pool', 'Breakfast available', 'Bar', 'Room service', 'Laundry', 'Housekeeping']","{'Room Name': 'Superior Room, 1 Queen Bed', 'Room Charges': '$137'}, {'Room Name': 'Deluxe Room, 1 King Bed', 'Room Charges': '$170'}, {'Room Name': 'Deluxe Twin Room, 2 Twin Beds', 'Room Charges': '$170'}, {'Room Name': 'Room', 'Room Charges': '$178'}, {'Room Name': 'Superior Twin Room, 2 Twin Beds', 'Room Charges': None}"
"Sao Paulo, Brazil",Melia Jardim Europa,4,8.4,Very good,"['Hot Tub', 'Pool', 'Breakfast available', 'Bar', 'Room service', 'Laundry']","{'Room Name': 'Premium Room, 1 King Bed, Balcony', 'Room Charges': '$219'}, {'Room Name': 'Grand Premium King Bed', 'Room Charges': '$264'}, {'Room Name': 'Grand Premium King Bed with Balcony', 'Room Charges': '$291'}, {'Room Name': 'The Level Grand Premium', 'Room Charges': '$417'}, {'Room Name': 'The Level Grand Premium Balcony', 'Room Charges': '$449'}, {'Room Name': 'Junior Suite (EXECUTIVE THE LEVEL)', 'Room Charges': '$481'}"
"Sao Paulo, Brazil",Cozzy Suítes Paraíso Hotel,4,9.4,Exceptional,"['Pool', 'Breakfast available', 'Outdoor Space', 'Air conditioning', 'Kitchen', '24/7 front desk']","{'Room Name': 'Standard Twin Room', 'Room Charges': '$105'}, {'Room Name': 'Family Studio Suite', 'Room Charges': '$110'}, {'Room Name': 'Traditional Triple Room', 'Room Charges': '$112'}"
"Sao Paulo, Brazil",Apê Pátio Paulista,3,8.8,Excellent,"['Parking available', '24/7 front desk', 'Air conditioning', 'Free WiFi']","{'Room Name': 'Superior Studio, 1 Double Bed', 'Room Charges': '$50'}, {'Room Name': 'Deluxe Studio, 2 Double Beds', 'Room Charges': None}, {'Room Name': 'Standard Studio', 'Room Charges': None}, {'Room Name': 'Standard Studio, Multiple Beds', 'Room Charges': None}, {'Room Name': 'Family Studio, 2 Bedrooms', 'Room Charges': None}, {'Room Name': 'Studio, 2 Twin Beds', 'Room Charges': None}, {'Room Name': 'Superior Studio, 1 Double Bed with Sofa bed', 'Room Charges': None}, {'Room Name': 'Studio, Mobility Accessible', 'Room Charges': None}"
"Sao Paulo, Brazil",Hilton Sao Paulo Morumbi,5,9.0,Wonderful,"['Bar', 'Hot Tub', 'Pool', 'Breakfast available', 'Pet friendly', 'Housekeeping']","{'Room Name': 'Premium Twin Room', 'Room Charges': '$241'}, {'Room Name': 'Premium Room, 1 King Bed', 'Room Charges': '$246'}, {'Room Name': 'Premium Room, 2 Twin Beds, Accessible (Walk-in Shower)', 'Room Charges': '$241'}, {'Room Name': 'Room, 1 King Bed (Bridge View)', 'Room Charges': '$278'}, {'Room Name': 'Room (Bridge View)', 'Room Charges': '$278'}, {'Room Name': 'Family Room, Connecting Rooms', 'Room Charges': '$295'}, {'Room Name': 'Suite, 1 Bedroom', 'Room Charges': '$515'}, {'Room Name': 'Suite, Business Lounge Access', 'Room Charges': '$1,996'}, {'Room Name': 'Executive Twin Room, Business Lounge Access', 'Room Charges': None}, {'Room Name': 'Deluxe Room, 2 Twin Beds', 'Room Charges': None}, {'Room Name': 'Executive Room, 1 King Bed, Business Lounge Access', 'Room Charges': None}, {'Room Name': 'Deluxe Room, 1 King Bed', 'Room Charges': None}"
"Sao Paulo, Brazil",Estanplaza Ibirapuera,4,8.6,Excellent,"['Bar', 'Pool', 'Pet friendly', 'Parking available', 'Room service', 'Gym']","{'Room Name': 'Standard Room, 2 Twin Beds', 'Room Charges': '$99'}, {'Room Name': 'Standard Room, 1 Double Bed', 'Room Charges': '$99'}, {'Room Name': 'Double Suite Junior', 'Room Charges': '$106'}, {'Room Name': 'Business Room, 1 Double Bed', 'Room Charges': '$109'}, {'Room Name': 'Double Suite Master', 'Room Charges': '$117'}"
"Sao Paulo, Brazil",Park Inn by Radisson Berrini,4,8.6,Excellent,"['Breakfast available', 'Bar', 'Room service', 'Pet friendly', 'Parking available', 'Laundry']","{'Room Name': 'Quarto Luxo Queen', 'Room Charges': '$105'}, {'Room Name': 'Business Class Queen', 'Room Charges': None}, {'Room Name': 'Quarto Superior Queen', 'Room Charges': None}, {'Room Name': 'Quarto Superior Twin', 'Room Charges': None}"
"Sao Paulo, Brazil",Hotel Heritage,4,8.6,Excellent,"['Spa', 'Hot Tub', 'Bar', 'Pool', 'Room service', 'Pet friendly']","{'Room Name': 'Standard Twin Room, 2 Twin Beds', 'Room Charges': '$84'}, {'Room Name': 'Twin Room Standard', 'Room Charges': '$110'}, {'Room Name': 'Standard Double Room', 'Room Charges': None}, {'Room Name': 'Premium Suite', 'Room Charges': None}, {'Room Name': 'Suite Master', 'Room Charges': None}"
"Sao Paulo, Brazil",Transamerica Paradise Garden,4,9.0,Wonderful,"['Pool', 'Breakfast included', 'Parking included', 'Room service', 'Housekeeping', 'Laundry']","{'Room Name': 'Executive Apartment', 'Room Charges': '$116'}"
"Sao Paulo, Brazil",Mercure São Paulo Paulista Hotel,4,8.8,Excellent,"['Breakfast available', 'Bar', 'Parking available', 'Room service', 'Gym', 'Housekeeping']","{'Room Name': 'Superior Room, 1 Double Bed', 'Room Charges': '$97'}, {'Room Name': 'Superior Twin Room, 2 Twin Beds', 'Room Charges': '$97'}, {'Room Name': 'Superior Room, 2 Twin Beds, Balcony', 'Room Charges': '$108'}"
"Sao Paulo, Brazil",Canopy by Hilton Sao Paulo Jardins,5,9.4,Exceptional,"['Breakfast available', 'Bar', 'Pet friendly', 'Parking available', 'Room service', 'Housekeeping']","{'Room Name': 'Suite Premium', 'Room Charges': '$209'}, {'Room Name': '1 King Bed Premium Room', 'Room Charges': '$227'}, {'Room Name': 'Executive Suite', 'Room Charges': '$337'}, {'Room Name': 'Suite Executive', 'Room Charges': '$440'}, {'Room Name': '1 King Bed Standard Room', 'Room Charges': None}, {'Room Name': 'Standard Room, 2 Double Beds', 'Room Charges': None}, {'Room Name': '1 Queen bed, Accessible (Reduced Mobility)', 'Room Charges': None}"
"Sao Paulo, Brazil",Transamerica Executive Jardins,4,9.0,Wonderful,"['Breakfast included', 'Pool', 'Bar', 'Parking available', 'Gym', 'Room service']","{'Room Name': 'Luxury Double Room', 'Room Charges': '$131'}, {'Room Name': 'Premium Double Room, 1 Bedroom', 'Room Charges': '$138'}, {'Room Name': 'Room Deluxe', 'Room Charges': '$158'}, {'Room Name': 'Suite Premium', 'Room Charges': '$166'}, {'Room Name': 'Standard Double Room', 'Room Charges': None}, {'Room Name': 'Standard Twin Room', 'Room Charges': None}"
"Sao Paulo, Brazil",Palácio Tangará - an Oetker Collection Hotel,5,9.6,Exceptional,"['Spa', 'Bar', 'Pool', 'Housekeeping', 'Free WiFi', 'Laundry']","{'Room Name': 'Suite Superior', 'Room Charges': '$692'}, {'Room Name': 'Suite Superior Terrace', 'Room Charges': '$765'}, {'Room Name': 'Suite Deluxe', 'Room Charges': '$945'}"
"Sao Paulo, Brazil",Mercure Sao Paulo Moema Times Square,4,8.6,Excellent,"['Bar', 'Pool', 'Pet friendly', 'Breakfast available', 'Parking available', 'Room service']","{'Room Name': 'Superior Apartment, 1 King Bed', 'Room Charges': '$99'}, {'Room Name': 'Privilege, Apartment, 1 King Bed', 'Room Charges': '$116'}"
"Sao Paulo, Brazil",Rio Hotel by Bourbon São Paulo,4,9.4,Exceptional,"['Breakfast included', 'Bar', 'Housekeeping', '24/7 front desk', 'Laundry', 'Free WiFi']","{'Room Name': 'Superior Twin Room', 'Room Charges': '$106'}, {'Room Name': 'Superior Two Beds', 'Room Charges': '$114'}, {'Room Name': 'Apartment Superior', 'Room Charges': '$114'}"
"Sao Paulo, Brazil",Mercure Sao Paulo Moema Times Square,4,8.6,Excellent,"['Bar', 'Pool', 'Pet friendly', 'Breakfast available', 'Parking available', 'Room service']","{'Room Name': 'Superior Apartment, 1 King Bed', 'Room Charges': '$99'}, {'Room Name': 'Privilege, Apartment, 1 King Bed', 'Room Charges': '$116'}"
"Sao Paulo, Brazil",B&B Hotels São Paulo Luz - Centro,3,8.4,Very good,"['Breakfast available', 'Parking available', 'Pet friendly', 'Housekeeping', 'Air conditioning', '24/7 front desk']","{'Room Name': 'Standard Double Room', 'Room Charges': '$43'}, {'Room Name': 'Standard', 'Room Charges': '$35'}, {'Room Name': 'Room, 2 Twin Beds', 'Room Charges': '$43'}, {'Room Name': 'Family Room', 'Room Charges': '$47'}"
"Sao Paulo, Brazil",DELPLAZA Marabá São Paulo,3,8.6,Excellent,"['Breakfast included', 'Bar', 'Gym', 'Housekeeping', 'Air conditioning', '24/7 front desk']","{'Room Name': 'Standard Single Room', 'Room Charges': '$76'}, {'Room Name': 'Superior Single Room', 'Room Charges': '$83'}, {'Room Name': 'Deluxe Double Room', 'Room Charges': '$91'}, {'Room Name': 'Luxury King Accessible', 'Room Charges': '$91'}, {'Room Name': 'Suite Studio Junior TPL', 'Room Charges': '$105'}, {'Room Name': 'Superior Triple Room, 3 Twin Beds', 'Room Charges': None}, {'Room Name': 'Deluxe Single Room', 'Room Charges': None}, {'Room Name': 'Deluxe Triple Room', 'Room Charges': None}, {'Room Name': 'Suite Studio Presidencial', 'Room Charges': None}, {'Room Name': 'Triple Superior Accessible', 'Room Charges': None}, {'Room Name': 'Standard Twin Room', 'Room Charges': None}, {'Room Name': 'Deluxe Triple Room', 'Room Charges': None}, {'Room Name': 'Suite Studio Junior', 'Room Charges': None}"
"Sao Paulo, Brazil",Royal Jardins Boutique Hotel,4,8.4,Very good,"['Bar', 'Parking available', 'Room service', 'Housekeeping', 'Air conditioning', 'Laundry']","{'Room Name': 'Standard Casal', 'Room Charges': '$111'}, {'Room Name': 'Luxo Casal', 'Room Charges': '$125'}, {'Room Name': 'Luxo Twin', 'Room Charges': '$125'}, {'Room Name': 'Super Luxo Casal', 'Room Charges': '$152'}, {'Room Name': 'Super Luxo Twin', 'Room Charges': '$152'}, {'Room Name': 'Premium', 'Room Charges': '$179'}, {'Room Name': 'Suíte Premium', 'Room Charges': None}, {'Room Name': 'Standard Twin', 'Room Charges': None}"
"Sao Paulo, Brazil",The Landmark Residence - Oficial,4,8.6,Excellent,"['Room service', 'Outdoor Space', 'Parking available', 'Pool', 'Pet friendly', 'Housekeeping']","{'Room Name': 'Executivo Solteiro', 'Room Charges': '$73'}, {'Room Name': 'Duplex', 'Room Charges': '$116'}, {'Room Name': 'Standard Casal', 'Room Charges': None}, {'Room Name': 'Standard Solteiro', 'Room Charges': None}, {'Room Name': 'Executivo Casal', 'Room Charges': None}"
"Sao Paulo, Brazil",Grand Mercure Sao Paulo Ibirapuera,5,8.8,Excellent,"['Bar', 'Pool', 'Spa', 'Breakfast available', 'Room service', 'Parking available']","{'Room Name': 'Superior Room, 1 Double Bed, Accessible', 'Room Charges': '$191'}, {'Room Name': 'Junior Suite, 1 King Bed, Park View', 'Room Charges': '$216'}, {'Room Name': 'Twin Room, 2 Twin Beds', 'Room Charges': '$191'}, {'Room Name': 'Room, 1 Double Bed', 'Room Charges': '$191'}, {'Room Name': 'Deluxe Room, 1 Double Bed, Balcony (Balcony to Ibirapuera Park)', 'Room Charges': '$216'}, {'Room Name': 'Deluxe Room, 2 Twin Beds, Balcony, Park View', 'Room Charges': '$252'}"
"Sao Paulo, Brazil",Transamerica Executive Faria Lima,4,8.8,Excellent,"['Pool', 'Breakfast available', 'Room service', 'Laundry', 'Housekeeping', 'Parking available']","{'Room Name': 'Double Room Premium', 'Room Charges': '$164'}, {'Room Name': 'Premium Room', 'Room Charges': '$170'}, {'Room Name': 'Standard Double Room', 'Room Charges': None}, {'Room Name': 'Standard Triple Room', 'Room Charges': None}, {'Room Name': 'Standard Triple Room', 'Room Charges': None}, {'Room Name': 'Standard Twin Room, 2 Twin Beds', 'Room Charges': None}"
"Sao Paulo, Brazil",EZ Moema Hotel,3,9.2,Wonderful,"['Breakfast available', 'Parking available', 'Housekeeping', '24/7 front desk', 'Free WiFi', 'Restaurant']","{'Room Name': 'Executive Studio, 1 Queen Bed', 'Room Charges': '$71'}, {'Room Name': 'Superior Studio, 1 Queen Bed', 'Room Charges': '$78'}, {'Room Name': 'Superior Studio, 2 Twin Beds', 'Room Charges': '$89'}, {'Room Name': 'Apartamento Acessivel', 'Room Charges': '$89'}, {'Room Name': 'Traditional Studio, 1 Queen Bed', 'Room Charges': None}"
"Sao Paulo, Brazil",Ibis Styles SP Centro,3,8.8,Excellent,"['Breakfast available', 'Bar', 'Parking available', 'Gym', 'Pet friendly', 'Housekeeping']","{'Room Name': 'Standard Room, 2 Twin Beds', 'Room Charges': '$59'}, {'Room Name': 'Standard Room, 1 Twin Bed, Accessible', 'Room Charges': None}"
"Sao Paulo, Brazil",Mercure São Paulo Grand Plaza Paulista,4,8.0,Very good,"['Bar', 'Breakfast available', 'Parking available', 'Room service', 'Housekeeping', 'Laundry']","{'Room Name': 'Superior Apartment, 1 Queen Bed', 'Room Charges': '$127'}, {'Room Name': 'Standard Apartment, Multiple Beds', 'Room Charges': '$131'}, {'Room Name': 'Standard Apartment, 3 Twin Beds', 'Room Charges': '$131'}, {'Room Name': 'Executive Suite, 1 King Bed', 'Room Charges': '$137'}, {'Room Name': 'Junior Suite, 1 King Bed with Sofa bed', 'Room Charges': '$201'}"
"Sao Paulo, Brazil",ibis Sao Paulo Morumbi,3,8.4,Very good,"['Bar', 'Breakfast available', 'Pet friendly', 'Parking available', 'Housekeeping', 'Laundry']","{'Room Name': 'Standard Room, 1 Double Bed', 'Room Charges': '$100'}, {'Room Name': 'Standard Double Room (2 Adults + 1 Child)', 'Room Charges': '$103'}"
"Sao Paulo, Brazil",Apê Brás - Shopping Plaza Polo,2,8.6,Excellent,"['24/7 front desk', 'Pet friendly', 'Kitchen', 'Free WiFi']","{'Room Name': 'Family Studio, 2 Double Beds', 'Room Charges': '$45'}, {'Room Name': 'Standard Triple Room', 'Room Charges': None}, {'Room Name': 'Standard Studio, 3 Twin Beds, No Windows', 'Room Charges': None}, {'Room Name': 'Studio, 1 Twin Bed', 'Room Charges': None}, {'Room Name': 'Basic Studio, 3 Twin Beds', 'Room Charges': None}, {'Room Name': 'Standard Studio', 'Room Charges': None}, {'Room Name': 'Family Studio, No Windows', 'Room Charges': None}, {'Room Name': 'Standard Quadruple Room', 'Room Charges': None}"
"Sao Paulo, Brazil",Estanplaza Funchal - Faria Lima,4,8.8,Excellent,"['Breakfast included', 'Pet friendly', 'Bar', 'Room service', 'Spa', 'Housekeeping']","{'Room Name': 'Standard Room, 2 Twin Beds', 'Room Charges': '$139'}, {'Room Name': 'Business Room', 'Room Charges': '$149'}, {'Room Name': 'Room', 'Room Charges': '$179'}"
"Sao Paulo, Brazil",Vila Galé Paulista,4,9.0,Wonderful,"['Room service', 'Breakfast included', 'Bar', 'Spa', 'Parking available', 'Pool']","{'Room Name': 'Apartamento Superior', 'Room Charges': '$131'}, {'Room Name': 'Apartamento Superior Executivo', 'Room Charges': '$157'}, {'Room Name': 'Apartamento Superior**', 'Room Charges': None}, {'Room Name': 'Apartamento Superior Executivo**', 'Room Charges': None}, {'Room Name': 'Apartamento Executivo', 'Room Charges': None}, {'Room Name': 'Apartamento Executivo **', 'Room Charges': None}, {'Room Name': 'Apartamento **', 'Room Charges': None}, {'Room Name': 'Apartment', 'Room Charges': None}"
"Sao Paulo, Brazil",Radisson Hotel Vila Olimpia,4,8.6,Excellent,"['Bar', 'Housekeeping', 'Room service', 'Pool', 'Laundry', 'Air conditioning']","{'Room Name': 'Quarto Superior Double', 'Room Charges': '$177'}, {'Room Name': 'Quarto Luxo King', 'Room Charges': '$185'}, {'Room Name': 'Suite Superior King', 'Room Charges': '$193'}, {'Room Name': 'Quarto Business Class King', 'Room Charges': '$218'}, {'Room Name': 'Royal Tech King', 'Room Charges': '$268'}, {'Room Name': 'Quarto Superior King', 'Room Charges': None}"
"Sao Paulo, Brazil",Mercure Sao Paulo Pinheiros,4,8.4,Very good,"['Spa', 'Bar', 'Pool', 'Gym', 'Breakfast available', 'Room service']","{'Room Name': 'Executive Suite, 1 Queen Bed', 'Room Charges': '$134'}, {'Room Name': 'Superior Room, 1 Double Bed', 'Room Charges': '$137'}, {'Room Name': 'Superior Room, 2 Twin Beds', 'Room Charges': '$137'}, {'Room Name': 'Deluxe Apartment, 1 Double Bed', 'Room Charges': '$147'}"
"Sao Paulo, Brazil",Hotel Cinelândia,3,8.2,Very good,"['Breakfast included', 'Housekeeping', 'Air conditioning', '24/7 front desk', 'Free WiFi']","{'Room Name': 'Standard Room (Casal)', 'Room Charges': '$30'}, {'Room Name': 'Standard Twin', 'Room Charges': '$30'}, {'Room Name': 'Standard Triple Room', 'Room Charges': '$39'}, {'Room Name': 'Standard Room', 'Room Charges': None}"
"Sao Paulo, Brazil",Normandie Design Hotel,4,8.4,Very good,"['Breakfast included', 'Room service', 'Housekeeping', 'Air conditioning', '24/7 front desk', 'Laundry']","{'Room Name': 'Twin Room, 2 Twin Beds', 'Room Charges': '$48'}"
"Sao Paulo, Brazil",Intercity Interative São Paulo Jardins,4,9.4,Good,"['Breakfast included', 'Bar', 'Pet friendly', 'Parking available', 'Room service', 'Housekeeping']","{'Room Name': 'Premium Casal - 1 Cama Queen', 'Room Charges': '$131'}, {'Room Name': 'Double Room Premium', 'Room Charges': '$140'}, {'Room Name': 'Luxo Casal - 1 Cama Queen', 'Room Charges': None}, {'Room Name': 'Luxo Twin - 2 Camas Solteiro', 'Room Charges': None}, {'Room Name': 'Standard Casal - 1 Cama Queen', 'Room Charges': None}, {'Room Name': 'Standard Twin - 2 Camas Solteiro', 'Room Charges': None}"
"Sao Paulo, Brazil",Hotel Panamby Guarulhos,4,8.2,Very good,"['Breakfast included', 'Free airport shuttle', 'Pool', 'Bar', 'Pet friendly', 'Parking available']","{'Room Name': 'Superior Plus Twin', 'Room Charges': '$89'}, {'Room Name': 'Superior Plus 1 Double Bed', 'Room Charges': '$89'}"
"Sao Paulo, Brazil",Regent Park Hotel,4,8.8,Excellent,"['Breakfast included', 'Room service', 'Bar', 'Pool', 'Housekeeping', 'Laundry']","{'Room Name': 'Superior Suite, 1 Double Bed, Kitchen', 'Room Charges': '$142'}, {'Room Name': 'Superior Suite, 2 Twin Beds, Kitchen', 'Room Charges': '$142'}, {'Room Name': 'Deluxe Double Room', 'Room Charges': '$221'}"
"Sao Paulo, Brazil",Mercure Sao Paulo Jardins,4,8.6,Excellent,"['Breakfast available', 'Room service', 'Bar', 'Parking available', 'Pool', 'Pet friendly']","{'Room Name': 'Standard Apartment, 1 Double Bed (Accessible)', 'Room Charges': '$136'}, {'Room Name': 'Privilege, Apartment, 1 Double Bed', 'Room Charges': '$148'}"
"Sao Paulo, Brazil",ibis São Paulo Barra Funda,3,8.6,Excellent,"['Bar', 'Breakfast available', 'Parking available', 'Gym', '24/7 front desk', 'Pet friendly']","{'Room Name': 'Standard Apartment, 2 Twin Beds', 'Room Charges': '$86'}, {'Room Name': 'Standard Apartment, Multiple Beds', 'Room Charges': '$99'}"
"Sao Paulo, Brazil",EZ Aclimação Hotel,4,9.0,Wonderful,"['Bar', 'Pool', 'Breakfast available', 'Room service', 'Housekeeping', '24/7 front desk']","{'Room Name': 'Business Studio, 1 Double Bed', 'Room Charges': '$60'}, {'Room Name': 'Premium Studio', 'Room Charges': '$64'}, {'Room Name': 'Premium Double Room, 1 Bedroom', 'Room Charges': '$81'}, {'Room Name': 'Premium Apartment, 2 Bedrooms', 'Room Charges': '$131'}, {'Room Name': 'Premium Apartment, 2 Bedrooms', 'Room Charges': '$131'}, {'Room Name': 'Superior Studio, 1 Double Bed', 'Room Charges': None}, {'Room Name': 'Studio, 1 Double Bed', 'Room Charges': None}, {'Room Name': 'Superior Studio, 2 Twin Beds', 'Room Charges': None}"
"Sao Paulo, Brazil",George V Alto De Pinheiros,4,9.2,Wonderful,"['Pool', 'Pet friendly', 'Spa', 'Gym', 'Breakfast available', 'Housekeeping']","{'Room Name': 'Deluxe Suite', 'Room Charges': '$182'}, {'Room Name': 'Superior Suite', 'Room Charges': '$222'}, {'Room Name': 'Master Suite', 'Room Charges': '$348'}"
"Sao Paulo, Brazil",ibis Sao Paulo Ibirapuera,3,8.6,Excellent,"['Bar', 'Breakfast available', 'Parking available', 'Pet friendly', 'Housekeeping', '24/7 front desk']","{'Room Name': 'Standard Room, 1 Double Bed', 'Room Charges': '$78'}, {'Room Name': 'Standard Room, 1 Double Bed', 'Room Charges': '$78'}, {'Room Name': 'Standard Room, 1 Double Bed with Sofa bed', 'Room Charges': '$83'}"
"Sao Paulo, Brazil",Alameda Apart Hotel,4,8.8,Good,"['Breakfast available', 'Parking available', 'Housekeeping', '24/7 front desk', 'Outdoor Space', 'Laundry']","{'Room Name': 'Standard Apartment (Double)', 'Room Charges': '$59'}, {'Room Name': 'Standard Apartment (Twin)', 'Room Charges': '$59'}, {'Room Name': 'Superior Apartment (Twin)', 'Room Charges': '$68'}, {'Room Name': 'Premium Apartment', 'Room Charges': '$132'}, {'Room Name': 'Superior Apartment (Double)', 'Room Charges': None}, {'Room Name': 'Superior Penthouse, 2 Bedrooms', 'Room Charges': None}"
"Sao Paulo, Brazil",Mercure Sao Paulo Vila Olimpia,4,8.6,Excellent,"['Breakfast available', 'Room service', 'Bar', 'Parking available', 'Housekeeping', 'Laundry']","{'Room Name': 'Standard Apartment, 2 Twin Beds', 'Room Charges': '$102'}, {'Room Name': 'Superior Apartment, 2 Twin Beds, View', 'Room Charges': '$110'}, {'Room Name': 'Superior Apartment, 1 Double Bed, View', 'Room Charges': '$110'}, {'Room Name': 'Junior Suite, Multiple Beds, City View', 'Room Charges': '$127'}"
"Sao Paulo, Brazil",Pullman Sao Paulo Ibirapuera,5,9.0,Wonderful,"['Bar', 'Pool', 'Breakfast available', 'Room service', 'Parking available', 'Pet friendly']","{'Room Name': 'Executive Room, 1 Double Bed, City View', 'Room Charges': '$234'}, {'Room Name': 'Premium Apartment, City View (Executive)', 'Room Charges': '$267'}, {'Room Name': 'Premium Apartment, Multiple Beds, View (Executive)', 'Room Charges': '$279'}, {'Room Name': 'Executive Suite, 1 Queen Bed, Park View', 'Room Charges': '$446'}"
"Sao Paulo, Brazil",Transamerica Executive Higienópolis,4,8.6,Excellent,"['Pool', 'Breakfast included', 'Parking included', 'Air conditioning', 'Kitchen', 'Housekeeping']","{'Room Name': 'Standard Twin Room', 'Room Charges': '$98'}, {'Room Name': 'Twin Standard', 'Room Charges': '$101'}, {'Room Name': 'Twin Room Standard', 'Room Charges': '$115'}, {'Room Name': 'Deluxe Room', 'Room Charges': None}, {'Room Name': 'Standard Double Room', 'Room Charges': None}"
"Sao Paulo, Brazil",Hotel Fasano São Paulo,5,9.6,Exceptional,"['Hot Tub', 'Pool', 'Bar', 'Pet friendly', 'Breakfast available', 'Spa']","{'Room Name': 'Superior Room, 1 King Bed', 'Room Charges': '$600'}, {'Room Name': 'Deluxe Room', 'Room Charges': '$687'}"
"Sao Paulo, Brazil","Holiday Inn Sao Paulo Parque Anhembi, an IHG Hotel",4,8.6,Excellent,"['Pool', 'Breakfast available', 'Bar', 'Pet friendly', 'Gym', 'Laundry']","{'Room Name': 'Standard Room, 1 King Bed, Accessible Bathtub', 'Room Charges': '$103'}, {'Room Name': 'Standard Room, 2 Twin Beds', 'Room Charges': '$103'}, {'Room Name': 'Standard Room', 'Room Charges': '$103'}, {'Room Name': 'Standard Room, 1 King Bed (Walk-In Shower)', 'Room Charges': '$110'}, {'Room Name': 'Standard Room, 2 Double Beds', 'Room Charges': '$110'}, {'Room Name': 'Premium Room, 1 King Bed', 'Room Charges': '$130'}, {'Room Name': 'Premium Room, 2 Twin Beds', 'Room Charges': '$130'}, {'Room Name': 'Standard Room, 1 Double Bed, Accessible Bathtub (High Floor)', 'Room Charges': None}, {'Room Name': 'Standard Room, 1 King Bed', 'Room Charges': None}, {'Room Name': 'Standard Room, 1 King Bed (High Floor)', 'Room Charges': None}, {'Room Name': 'Standard Room, 2 Twin Beds (High Floor)', 'Room Charges': None}"
"Sao Paulo, Brazil",Estanplaza Nacoes Unidas,4,8.6,Excellent,"['Bar', 'Pet friendly', 'Room service', 'Pool', 'Breakfast included', 'Laundry']","{'Room Name': 'Standard Room, 1 Double Bed', 'Room Charges': '$99'}, {'Room Name': 'Standard Room, 2 Twin Beds', 'Room Charges': '$99'}, {'Room Name': 'Business Room, 1 Queen Bed', 'Room Charges': '$110'}, {'Room Name': 'Double Suite Standard', 'Room Charges': '$111'}, {'Room Name': 'Twin Suite Standard', 'Room Charges': '$111'}, {'Room Name': 'Double Suite Superior', 'Room Charges': '$123'}, {'Room Name': 'Suíte Premium', 'Room Charges': '$140'}"
"Sao Paulo, Brazil",Travel Inn Premium Flats Paulista Wall Street,4,8.2,Very good,"['Hot Tub', 'Breakfast included', 'Pool', 'Bar', 'Parking available', 'Room service']","{'Room Name': 'Premium Double Room, 1 Queen Bed', 'Room Charges': '$104'}, {'Room Name': 'Premium Single Room', 'Room Charges': '$104'}, {'Room Name': 'Standard Apartment, 1 Double Bed', 'Room Charges': None}, {'Room Name': 'Standard Apartment, 2 Twin Beds', 'Room Charges': None}"
"Sao Paulo, Brazil",SLAVIERO São Paulo Ibirapuera,4,8.4,Very good,"['Pool', 'Breakfast included', 'Parking available', 'Gym', 'Room service', 'Laundry']","{'Room Name': 'Deluxe Double Room', 'Room Charges': '$85'}, {'Room Name': 'Deluxe Quadruple Room', 'Room Charges': None}, {'Room Name': 'Deluxe Twin Room', 'Room Charges': None}, {'Room Name': 'Deluxe Triple Room', 'Room Charges': None}"
"Sao Paulo, Brazil",Tivoli Mofarrej São Paulo,5,9.2,Wonderful,"['Pool', 'Bar', 'Pet friendly', 'Spa', 'Parking available', 'Breakfast available']",
"Sao Paulo, Brazil",ibis budget Sao Paulo Jardins,3,8.2,Very good,"['Breakfast available', 'Parking available', 'Pet friendly', 'Housekeeping', '24/7 front desk', 'Air conditioning']","{'Room Name': 'Superior Room, 1 Double Bed', 'Room Charges': '$70'}"
"Sao Paulo, Brazil",Novotel São Paulo Morumbi,4,9.0,Wonderful,"['24/7 front desk', 'Housekeeping', 'Bar', 'Pool', 'Breakfast available', 'Gym']","{'Room Name': 'Superior Apartment, 2 Twin Beds', 'Room Charges': '$160'}, {'Room Name': 'Family Room, 1 Double Bed with Sofa bed, View (Estaiada Bridge View)', 'Room Charges': '$214'}, {'Room Name': 'Executive Apartment, 1 Queen Bed', 'Room Charges': '$248'}"
"Sao Paulo, Brazil",Intercity São Paulo Ibirapuera,4,8.6,Excellent,"['Pool', 'Pet friendly', 'Parking available', 'Gym', 'Room service', 'Laundry']","{'Room Name': 'Standard PwD Disability Access - 1 Double Bed', 'Room Charges': '$96'}, {'Room Name': 'Standard Twin - 2 Camas Solteiro', 'Room Charges': '$96'}, {'Room Name': 'Luxo Casal - 1 Cama Queen', 'Room Charges': '$103'}, {'Room Name': 'Room Standard', 'Room Charges': '$103'}, {'Room Name': 'Handicapped Room', 'Room Charges': '$103'}, {'Room Name': 'Room Deluxe', 'Room Charges': '$111'}, {'Room Name': 'Premium Casal - 1 Cama Queen', 'Room Charges': '$117'}, {'Room Name': 'Premium Smart Room - 1 Cama Queen', 'Room Charges': '$145'}, {'Room Name': 'Standard Casal - 1 Cama Queen', 'Room Charges': None}, {'Room Name': 'Luxo Twin - 2 Camas Solteiro', 'Room Charges': None}"
"Sao Paulo, Brazil",Bristol Santo André Hotel,4,9.6,Exceptional,"['Bar', 'Pet friendly', 'Breakfast included', 'Room service', 'Parking available', 'Housekeeping']","{'Room Name': 'Deluxe Double Room', 'Room Charges': '$65'}, {'Room Name': 'Deluxe Twin Room', 'Room Charges': '$65'}, {'Room Name': 'Apartment Superior', 'Room Charges': '$69'}, {'Room Name': 'Deluxe Room', 'Room Charges': '$71'}"
"Sao Paulo, Brazil",Hotel Domani,3,8.8,Excellent,"['Breakfast included', 'Free airport shuttle', 'Room service', 'Gym', 'Parking included', 'Laundry']","{'Room Name': 'Standard Double Room', 'Room Charges': '$61'}, {'Room Name': 'Standard Twin Room, 2 Twin Beds', 'Room Charges': '$61'}, {'Room Name': 'Standard Triple Room', 'Room Charges': '$76'}, {'Room Name': 'Standard Single Room', 'Room Charges': None}"
"Sao Paulo, Brazil",Hotel Pan Americano,3,8.0,,"['Pool', 'Housekeeping', 'Parking available', '24/7 front desk', 'Air conditioning', 'Free WiFi']","{'Room Name': 'Standard Suite', 'Room Charges': '$57'}, {'Room Name': 'Suite', 'Room Charges': '$57'}, {'Room Name': 'Executive Suite', 'Room Charges': '$63'}, {'Room Name': 'Superior Suite', 'Room Charges': '$66'}, {'Room Name': 'Standard Double Room', 'Room Charges': '$69'}, {'Room Name': 'Deluxe Suite', 'Room Charges': None}"
"Sao Paulo, Brazil",ibis budget Sao Paulo Morumbi,3,8.0,Very good,"['Bar', 'Breakfast available', 'Pet friendly', 'Parking available', 'Housekeeping', 'Air conditioning']","{'Room Name': 'Accessible Standard Room, adapted with 1 pull-out bed', 'Room Charges': '$81'}, {'Room Name': 'Standard Room, 1 Double Bed', 'Room Charges': '$86'}, {'Room Name': 'Room, 1 Double Bed (1 or 2 people)', 'Room Charges': '$86'}, {'Room Name': 'Superior Triple Room: 1 double bed + 01 single bunk bed', 'Room Charges': '$89'}"
"Sao Paulo, Brazil",NYC in Brazil,3,8.4,Very good,"['Hot Tub', 'Washer', 'Pool', 'Pet friendly', 'Gym', 'Housekeeping']","{'Room Name': 'Grand Apartment', 'Room Charges': '$72'}, {'Room Name': 'Comfort Apartment', 'Room Charges': None}, {'Room Name': 'Premier Loft, City View', 'Room Charges': None}"
"Sao Paulo, Brazil","InterContinental São Paulo, an IHG Hotel",5,9.0,Wonderful,"['Pool', 'Bar', 'Pet friendly', 'Spa', 'Parking available', 'Breakfast available']","{'Room Name': 'Classic Room', 'Room Charges': '$313'}, {'Room Name': 'Classic Room, 1 King Bed', 'Room Charges': '$330'}, {'Room Name': 'Classic Room, 2 Twin Beds (Walk-In Shower)', 'Room Charges': '$330'}, {'Room Name': 'Classic Room, 1 King Bed, Balcony', 'Room Charges': '$350'}, {'Room Name': 'Classic Room, 1 King Bed, Smoking, Club Lounge Access (Walk-In Shower)', 'Room Charges': '$380'}, {'Room Name': 'Classic Room, 1 King Bed, Smoking, Club Lounge Access', 'Room Charges': '$388'}, {'Room Name': 'Classic Room, 1 King Bed, Club Lounge Access', 'Room Charges': '$388'}, {'Room Name': 'Classic Room, 1 King Bed, Accessible, Smoking (Balcony, Club Lounge Access)', 'Room Charges': '$396'}, {'Room Name': 'Classic Room, 2 Twin Beds, Accessible, Smoking (Balcony, Club Lounge Access)', 'Room Charges': '$396'}, {'Room Name': 'Suite', 'Room Charges': '$446'}, {'Room Name': 'Classic Room, 2 Twin Beds, Accessible, Balcony (Club Lounge Access)', 'Room Charges': None}, {'Room Name': 'Classic Room, 1 King Bed, Accessible Bathtub', 'Room Charges': None}, {'Room Name': 'Classic Room, 1 King Bed (Walk-In Shower)', 'Room Charges': None}, {'Room Name': 'Suite, 1 Bedroom, Club Lounge Access (Paulista)', 'Room Charges': None}, {'Room Name': 'Classic Room, 2 Twin Beds, Balcony', 'Room Charges': None}, {'Room Name': 'Classic Room, 1 King Bed, Club Lounge Access (Walk-In Shower)', 'Room Charges': None}, {'Room Name': 'Suite, 1 Bedroom', 'Room Charges': None}, {'Room Name': 'Suite, 1 Bedroom, Club Lounge Access, City View', 'Room Charges': None}, {'Room Name': 'Suite, 1 Bedroom, Smoking (Paulista, High Floor)', 'Room Charges': None}, {'Room Name': 'Classic Room, 1 King Bed, Accessible, Balcony (Club Lounge Access)', 'Room Charges': None}, {'Room Name': 'Suite, 1 Bedroom, Club Lounge Access, City View', 'Room Charges': None}, {'Room Name': 'Suite, 1 Bedroom (Paulista)', 'Room Charges': None}"
"Sao Paulo, Brazil",Comfort Hotel Guarulhos - Aeroporto,4,8.4,Very good,"['Spa', 'Bar', 'Free airport shuttle', 'Parking available', 'Room service', 'Gym']","{'Room Name': 'Double Queen Size Bed', 'Room Charges': '$107'}, {'Room Name': 'Superior Double Room', 'Room Charges': '$114'}, {'Room Name': 'Room Superior', 'Room Charges': '$110'}, {'Room Name': 'Double Luxury', 'Room Charges': '$113'}, {'Room Name': 'Deluxe Double Room', 'Room Charges': '$120'}"
"Sao Paulo, Brazil",Intercity São Paulo Nações Unidas,4,8.6,Excellent,"['Bar', 'Pool', 'Pet friendly', 'Parking available', 'Breakfast included', 'Free WiFi']","{'Room Name': 'Luxo Twin - 2 Camas Solteiro', 'Room Charges': '$92'}, {'Room Name': 'Luxo Casal - 1 Cama Queen', 'Room Charges': '$92'}, {'Room Name': 'Premium Casal - 1 Cama Queen', 'Room Charges': '$103'}, {'Room Name': 'Studio individual - 1 Cama Solteiro', 'Room Charges': None}, {'Room Name': 'Standard PwD Disability Access - 1 Double Bed', 'Room Charges': None}, {'Room Name': 'Standard casal - 1 Cama Queen', 'Room Charges': None}, {'Room Name': 'Standard Twin - 2 Camas Solteiro', 'Room Charges': None}"
"Sao Paulo, Brazil",Wyndham Garden Sao Paulo Convention Nortel,4,8.6,Excellent,"['Pool', 'Room service', 'Gym', 'Laundry', 'Housekeeping', 'Parking available']",
"Sao Paulo, Brazil",Hotel Euro Suite São Paulo by Nacional Inn,3,10.0,Good,"['Room service', 'Parking available', 'Housekeeping', 'Air conditioning', 'Laundry', '24/7 front desk']","{'Room Name': 'Standard Room (Family)', 'Room Charges': '$50'}, {'Room Name': 'Triple Room Standard', 'Room Charges': '$50'}, {'Room Name': 'Couple Standard', 'Room Charges': '$61'}, {'Room Name': 'Twin Standard', 'Room Charges': '$61'}, {'Room Name': 'Standard Double Room', 'Room Charges': None}, {'Room Name': 'Standard Twin Room', 'Room Charges': None}, {'Room Name': 'Standard Triple Room', 'Room Charges': None}"
"Sao Paulo, Brazil",Pullman São Paulo Guarulhos Airport,5,9.0,Wonderful,"['Breakfast available', 'Free airport shuttle', 'Pool', 'Pet friendly', 'Bar', 'Parking available']","{'Room Name': 'Deluxe Twin Room, 2 Twin Beds (Luxury)', 'Room Charges': '$178'}, {'Room Name': 'Executive Twin Room, 2 Twin Beds, Bathtub', 'Room Charges': '$235'}, {'Room Name': 'Premium Room, 1 King Bed, Bathtub (Executive)', 'Room Charges': '$247'}, {'Room Name': 'Premium Twin Room, 2 Twin Beds, Bathtub (Executive)', 'Room Charges': '$247'}"
"Sao Paulo, Brazil",White 2880 - Pinheiros,3,9.2,Wonderful,"['Pool', '24/7 front desk', 'Housekeeping', 'Parking included', 'Outdoor Space', 'Laundry']","{'Room Name': 'Premium Apartment', 'Room Charges': '$204'}"
"Sao Paulo, Brazil",Blue Tree Premium Alphaville,4,8.8,Excellent,"['Spa', 'Pool', 'Bar', 'Parking available', 'Breakfast included', 'Pet friendly']","{'Room Name': 'Double Room Deluxe', 'Room Charges': '$116'}, {'Room Name': 'Deluxe Double Room', 'Room Charges': '$120'}, {'Room Name': 'Premier Suite, 1 Double Bed', 'Room Charges': '$137'}, {'Room Name': 'Suite Premium', 'Room Charges': '$145'}"
"Sao Paulo, Brazil",INNSiDE By Meliá São Paulo Itaim,4,8.4,Very good,"['Breakfast available', 'Bar', 'Pet friendly', 'Room service', 'Laundry', 'Housekeeping']","{'Room Name': 'Innside, 1 King Bed, Balcony', 'Room Charges': '$177'}, {'Room Name': 'Innside, 1 King Bed, Balcony, City View', 'Room Charges': '$209'}, {'Room Name': 'Innside, Twin Room, City View', 'Room Charges': '$188'}, {'Room Name': 'Innside, 1 King Bed, City View', 'Room Charges': '$193'}"
"Sao Paulo, Brazil",Address São Paulo Faria Lima by Intercity,4,8.0,Very good,"['Pool', 'Breakfast included', 'Bar', 'Pet friendly', 'Room service', 'Housekeeping']","{'Room Name': 'Suíte Premium Casal -1 Cama King', 'Room Charges': '$137'}, {'Room Name': 'Suite Premium', 'Room Charges': '$147'}, {'Room Name': 'Luxo Twin - 2 Camas Solteiro', 'Room Charges': None}, {'Room Name': 'Standard Individual - 1 Cama Solteiro', 'Room Charges': None}, {'Room Name': 'Suíte Premium Twin - 2 Camas Solteiro', 'Room Charges': None}, {'Room Name': 'Luxo Superior Casal - 1 Cama Casal', 'Room Charges': None}, {'Room Name': 'Luxo Casal - 1 Cama Casal', 'Room Charges': None}"
"Sao Paulo, Brazil",INNSiDE by Meliá São Paulo Iguatemi,4,8.4,Very good,"['Breakfast available', 'Pool', 'Spa', 'Bar', 'Room service', 'Laundry']","{'Room Name': 'The Innside Room City View', 'Room Charges': '$173'}, {'Room Name': 'The Studio Queen', 'Room Charges': '$181'}"
"Sao Paulo, Brazil",Golden Tower Express Berrini by Fênix Hotéis,4,8.6,Excellent,"['Breakfast included', 'Housekeeping', 'Parking available', '24/7 front desk', 'Air conditioning', 'Free WiFi']","{'Room Name': 'Standard Twin Room', 'Room Charges': '$77'}, {'Room Name': 'Standard Double Room', 'Room Charges': '$80'}, {'Room Name': 'Standard Room Adaptado', 'Room Charges': '$83'}"
"Sao Paulo, Brazil",GoAtica Aeroporto Congonhas,3,9.6,Exceptional,"['Breakfast available', 'Housekeeping', '24/7 front desk', 'Laundry', 'Air conditioning', 'Free WiFi']","{'Room Name': 'Deluxe Double or Twin Room', 'Room Charges': '$73'}"
"Sao Paulo, Brazil",Hotel Mega Polo,3,8.0,Very good,"['Bar', 'Parking available', '24/7 front desk', 'Air conditioning', 'Housekeeping', 'Free WiFi']","{'Room Name': 'Superior Double Room', 'Room Charges': '$76'}, {'Room Name': 'Superior Twin Room', 'Room Charges': '$76'}, {'Room Name': 'Superior Triple Room', 'Room Charges': '$76'}, {'Room Name': 'Standard Twin Room', 'Room Charges': None}"
"Sao Paulo, Brazil",Pergamon SP Frei Caneca by Accor,4,8.4,Very good,"['Bar', 'Breakfast available', 'Pet friendly', 'Parking available', 'Room service', 'Laundry']","{'Room Name': 'Standard Room, 1 Double Bed', 'Room Charges': '$96'}, {'Room Name': 'Standard Room, 2 Twin Beds', 'Room Charges': '$96'}, {'Room Name': 'Family Room, 1 Double Bed', 'Room Charges': '$104'}, {'Room Name': 'Deluxe Room, 1 Double Bed', 'Room Charges': '$112'}, {'Room Name': 'Deluxe Room, 1 King Bed', 'Room Charges': '$112'}"
"Sao Paulo, Brazil",360 VN Turiassu by Housi,3,8.2,Very good,"['Pool', 'Laundry', 'Kitchen', 'Free WiFi']","{'Room Name': 'Exclusive Studio', 'Room Charges': '$40'}, {'Room Name': 'Deluxe Studio (VT 1507 Studio A 20VCG.2C - 517584)', 'Room Charges': '$40'}, {'Room Name': 'Executive Studio, 1 Bedroom', 'Room Charges': '$50'}, {'Room Name': 'Standard Studio (VT Studio A 25VCGF.2C.W.4 - 517524)', 'Room Charges': '$52'}, {'Room Name': 'Superior Studio (VT 1102 2dorms A 29VCG.3CT.W - 517591)', 'Room Charges': '$62'}, {'Room Name': 'Standard Studio, 1 Bedroom', 'Room Charges': None}, {'Room Name': 'Traditional Studio, 1 Bedroom', 'Room Charges': None}, {'Room Name': 'Deluxe Studio, 1 Bedroom', 'Room Charges': None}, {'Room Name': 'Standard Studio (VT Studio M 25CG.2C.11 - 517577)', 'Room Charges': None}, {'Room Name': 'Executive Studio (VT 1703 Studio A 20VCG.2C.W - 517582)', 'Room Charges': None}, {'Room Name': 'Exclusive Studio (VT NR Studio B 25VCFM.2C.12 - 517512)', 'Room Charges': None}, {'Room Name': 'Design Studio, 1 Bedroom', 'Room Charges': None}, {'Room Name': 'Deluxe Studio (VT 811 Studio B 19CG.2C.H - 517539)', 'Room Charges': None}, {'Room Name': 'Traditional Studio (VT Studio B 18VCF.2C.6 - 517565)', 'Room Charges': None}, {'Room Name': 'Premium Studio (VT 1605 Studio A 18VCG.2C - 517553)', 'Room Charges': None}, {'Room Name': 'Design Studio (VT 1603 Studio A 18VCG.2C.W - 517540)', 'Room Charges': None}, {'Room Name': 'City Studio (VT Studio A 18CF.2C.3 - 517522)', 'Room Charges': None}, {'Room Name': 'Standard Studio (VT Studio M 25CG.2C.10 - 517567)', 'Room Charges': None}, {'Room Name': 'Deluxe Studio, 1 Bedroom', 'Room Charges': None}, {'Room Name': 'Premium Studio (VT Studio B 18VCF.2C.W.6 - 517564)', 'Room Charges': None}, {'Room Name': 'Basic Studio, 1 Bedroom', 'Room Charges': None}, {'Room Name': 'Standard Studio, 1 Bedroom', 'Room Charges': None}, {'Room Name': 'Standard Studio', 'Room Charges': None}, {'Room Name': 'Exclusive Studio (VT 1211 Studio A 19CGM.2C - 517535)', 'Room Charges': None}, {'Room Name': 'Executive Studio (VT 1616 Studio A 18VCG.2C.W - 517552)', 'Room Charges': None}, {'Room Name': 'Premium Studio (VT Studio A 25VCGF.2C.W.4 - 517705)', 'Room Charges': None}, {'Room Name': 'Basic Studio, 1 Bedroom', 'Room Charges': None}, {'Room Name': 'Signature Studio (VT Studio B 18CF.2C.3 - 517520)', 'Room Charges': None}, {'Room Name': 'Deluxe Studio (VT Studio A 18VCF.2C.W.6 - 517560)', 'Room Charges': None}, {'Room Name': 'Elite Studio', 'Room Charges': None}, {'Room Name': 'Signature Studio (VT Studio M 18VCG.2C.W.2 - 517551)', 'Room Charges': None}, {'Room Name': 'Design Studio, 1 Bedroom', 'Room Charges': None}, {'Room Name': 'Comfort Apartment, 2 Bedrooms', 'Room Charges': None}, {'Room Name': 'Premier Studio (VT Studio A 18VCF.2C.6 - 517563)', 'Room Charges': None}"
"Sao Paulo, Brazil",Estanplaza Berrini,4,8.6,Excellent,"['Bar', 'Pet friendly', 'Spa', 'Room service', 'Pool', 'Breakfast included']","{'Room Name': 'Quarto Duplo Standard', 'Room Charges': '$109'}, {'Room Name': 'Quarto Twin Standard', 'Room Charges': '$109'}, {'Room Name': 'Quarto Duplo Superior', 'Room Charges': '$119'}"
"Sao Paulo, Brazil",Pestana Sao Paulo Hotel,4,8.8,Good,"['Breakfast available', 'Bar', 'Parking available', 'Room service', 'Pet friendly', 'Gym']","{'Room Name': 'Standard C2', 'Room Charges': '$139'}, {'Room Name': 'Standard Room', 'Room Charges': '$145'}, {'Room Name': 'Standard C2', 'Room Charges': '$139'}, {'Room Name': 'Deluxe C2', 'Room Charges': '$151'}, {'Room Name': 'Deluxe Room', 'Room Charges': '$157'}, {'Room Name': 'Family Room', 'Room Charges': None}"
"Sao Paulo, Brazil",Pullman Sao Paulo Vila Olimpia,5,9.0,Wonderful,"['Bar', 'Breakfast available', 'Parking available', 'Pet friendly', 'Housekeeping', 'Room service']","{'Room Name': 'Deluxe Room, 1 Queen Bed, Bathtub', 'Room Charges': '$239'}, {'Room Name': 'Deluxe Room, 1 King Bed, Bathtub (Deluxe)', 'Room Charges': '$289'}, {'Room Name': 'Deluxe Twin Room, 2 Twin Beds, Bathtub', 'Room Charges': '$239'}, {'Room Name': 'Junior Suite, 1 Queen Bed, Bathtub', 'Room Charges': '$789'}, {'Room Name': 'Family Suite, 1 King Bed, Bathtub', 'Room Charges': '$1,122'}"
"Sao Paulo, Brazil",Paulista Flat,3,8.0,Very good,"['Room service', 'Parking available', 'Housekeeping', '24/7 front desk', 'Laundry', 'Outdoor Space']","{'Room Name': 'Casal (Ouro)', 'Room Charges': '$83'}, {'Room Name': 'Solteiro (Ouro)', 'Room Charges': None}, {'Room Name': 'Solteiro (Prata)', 'Room Charges': None}, {'Room Name': 'Casal (Prata)', 'Room Charges': None}"
"Sao Paulo, Brazil",Summit Pinheiros by Okaeri Home Aparts,4,9.6,Exceptional,"['Gym', 'Parking available', 'Pool', 'Outdoor Space', 'Laundry', 'Air conditioning']","{'Room Name': 'Romantic Apartment', 'Room Charges': '$123'}, {'Room Name': 'City Apartment', 'Room Charges': '$136'}, {'Room Name': 'Deluxe Duplex', 'Room Charges': '$164'}"
"Sao Paulo, Brazil",JW Marriott Hotel Sao Paulo,5,9.8,Exceptional,"['Pool', 'Pet friendly', 'Bar', 'Free WiFi', 'Gym', '24/7 front desk']","{'Room Name': 'Deluxe Room, 1 King Bed, Non Smoking', 'Room Charges': '$330'}, {'Room Name': 'Deluxe Room, 2 Double Beds, Non Smoking', 'Room Charges': '$330'}, {'Room Name': 'Deluxe Room, 2 Double Beds, Non Smoking, River View', 'Room Charges': '$354'}, {'Room Name': 'Deluxe Room, 1 King Bed, Non Smoking, River View', 'Room Charges': '$354'}, {'Room Name': 'Premium Room, 2 Double Beds, Non Smoking, Bathtub', 'Room Charges': '$386'}, {'Room Name': 'Premium Room, 1 King Bed, Non Smoking, Bathtub', 'Room Charges': '$386'}, {'Room Name': 'Executive Suite, 1 Double Bed, Non Smoking, View', 'Room Charges': '$656'}"
"Sao Paulo, Brazil",Ibis Guarulhos Aeroporto,3,8.0,Very good,"['Bar', 'Pet friendly', 'Breakfast available', 'Parking available', 'Laundry', 'Housekeeping']","{'Room Name': 'Standard Room, 1 Double Bed', 'Room Charges': '$81'}, {'Room Name': 'Standard Twin Room, 2 Twin Beds', 'Room Charges': '$81'}"
"Sao Paulo, Brazil",TrevizZo Wyndham São Paulo ibirapuera,3,8.8,Good,"['Bar', 'Breakfast available', 'Pool', 'Parking included', 'Housekeeping', '24/7 front desk']","{'Room Name': 'Executive Apartment', 'Room Charges': '$77'}"
"Sao Paulo, Brazil",ibis budget Sao Paulo Paulista,3,8.0,Very good,"['Breakfast available', 'Bar', 'Parking available', '24/7 front desk', 'Housekeeping', 'Pet friendly']","{'Room Name': 'Superior Apartment, Multiple Beds (with 1 double bed and 1 extra bed)', 'Room Charges': '$81'}"
"Sao Paulo, Brazil",Mercure Sao Paulo Ibirapuera Privilege,4,8.4,Very good,"['Bar', 'Pool', 'Breakfast available', 'Parking available', 'Room service', 'Gym']","{'Room Name': 'Superior Apartment, 1 Queen Bed', 'Room Charges': '$121'}, {'Room Name': 'Superior Apartment, 1 Double Bed with Sofa bed', 'Room Charges': '$135'}, {'Room Name': 'Privilege, Apartment, 1 Queen Bed', 'Room Charges': '$146'}"
"Sao Paulo, Brazil",Sleep Inn Guarulhos,3,8.0,Very good,"['Bar', 'Free airport shuttle', 'Breakfast available', 'Parking available', 'Gym', 'Laundry']","{'Room Name': 'Room Standard', 'Room Charges': '$104'}, {'Room Name': 'Standard Twin', 'Room Charges': '$107'}, {'Room Name': 'Twin Standard', 'Room Charges': '$105'}, {'Room Name': 'Superior Queen', 'Room Charges': '$110'}, {'Room Name': 'Superior Double Room', 'Room Charges': '$113'}"
"Sao Paulo, Brazil",Palácio Tangará - an Oetker Collection Hotel,5,9.6,Exceptional,"['Spa', 'Bar', 'Pool', 'Housekeeping', 'Free WiFi', 'Laundry']","{'Room Name': 'Suite Superior', 'Room Charges': '$692'}, {'Room Name': 'Suite Superior Terrace', 'Room Charges': '$765'}, {'Room Name': 'Suite Deluxe', 'Room Charges': '$945'}"
"Sao Paulo, Brazil",Golden Tower Pinheiros by Fênix Hotéis,4,8.4,Very good,"['Bar', 'Pool', 'Room service', 'Parking available', 'Housekeeping', 'Breakfast included']","{'Room Name': 'Master Suite', 'Room Charges': '$176'}, {'Room Name': 'Standard Room, 2 Twin Beds', 'Room Charges': None}, {'Room Name': 'Golden Room, 2 Single Beds', 'Room Charges': None}, {'Room Name': 'Executive Suite, 1 Double Bed', 'Room Charges': None}, {'Room Name': 'Golden Room, 1 Double Bed', 'Room Charges': None}, {'Room Name': 'Deluxe Room, 2 Twin Beds', 'Room Charges': None}, {'Room Name': 'Standard Room, 1 Double Bed', 'Room Charges': None}, {'Room Name': 'Deluxe Room, 1 Double Bed', 'Room Charges': None}"
"Sao Paulo, Brazil",Floresta Hotel,3,8.0,Very good,"['Breakfast included', 'Room service', 'Laundry', 'Parking included', 'Housekeeping', '24/7 front desk']","{'Room Name': 'Double Standard', 'Room Charges': '$51'}, {'Room Name': 'Standard Double Room, 1 Queen Bed', 'Room Charges': '$55'}, {'Room Name': 'Quadruple Superior', 'Room Charges': '$93'}, {'Room Name': 'Superior Quadruple Room', 'Room Charges': '$100'}, {'Room Name': 'Standard Twin Room', 'Room Charges': None}, {'Room Name': 'Standard Triple Room', 'Room Charges': None}, {'Room Name': 'Premium Double Room', 'Room Charges': None}"
"Sao Paulo, Brazil",Hotel Brothers,2,,,[],
